WallTime,Step,Value
1648885069.999713,107,0.36000001430511475
1648885073.731365,172,0.1899999976158142
1648885078.57548,244,0.33000001311302185
1648885080.088673,259,0.4000000059604645
1648885111.887074,402,0.2199999988079071
1648885126.470172,465,0.20000000298023224
1648885135.309637,510,0.11999999731779099
1648885143.731816,538,0.17000000178813934
1648885148.757635,556,0.20000000298023224
1648885157.497974,596,0.25
1648885171.669994,658,0.1599999964237213
1648885197.581363,764,0.23000000417232513
1648885206.027395,804,0.20999999344348907
1648885222.095311,866,0.20000000298023224
1648885226.790238,886,0.23000000417232513
1648885266.798157,1015,0.30000001192092896
1648885268.776642,1026,0.25
1648885271.938988,1037,0.25
1648885295.467829,1125,0.25999999046325684
1648885296.905349,1132,0.23999999463558197
1648885306.871252,1164,0.36000001430511475
1648885309.056062,1176,0.3499999940395355
1648885310.98789,1184,0.3400000035762787
1648885328.711968,1252,0.23000000417232513
1648885329.440907,1254,0.23999999463558197
1648885333.351124,1271,0.2800000011920929
1648885356.514412,1376,0.15000000596046448
1648885369.724348,1417,0.30000001192092896
1648885381.685477,1458,0.33000001311302185
1648885389.004745,1494,0.23999999463558197
1648885392.157957,1510,0.2199999988079071
1648885392.708429,1513,0.2199999988079071
1648885405.017916,1548,0.27000001072883606
1648885409.88461,1565,0.25999999046325684
1648885442.354999,1670,0.4300000071525574
1648885517.265893,1940,0.3499999940395355
1648885522.233903,1960,0.25999999046325684
1648885522.394096,1961,0.25
1648885635.38334,2359,0.20000000298023224
1648885658.554828,2436,0.3499999940395355
1648885661.469113,2441,0.4000000059604645
1648885668.090193,2462,0.4399999976158142
1648885668.597364,2465,0.41999998688697815
1648885681.608228,2503,0.4399999976158142
1648885706.17348,2577,0.4699999988079071
1648885722.864489,2635,0.4699999988079071
1648885726.112587,2643,0.47999998927116394
1648885736.342503,2684,0.3400000035762787
1648885739.331213,2693,0.3700000047683716
1648885744.577459,2708,0.4000000059604645
1648885748.640281,2717,0.41999998688697815
1648885764.737724,2768,0.4399999976158142
1648885770.934755,2785,0.47999998927116394
1648885788.719526,2844,0.3400000035762787
1648885794.786453,2861,0.36000001430511475
1648885828.611348,2973,0.25999999046325684
1648885867.515836,3083,0.3400000035762787
1648885872.997307,3104,0.33000001311302185
1648885873.210512,3105,0.33000001311302185
1648885884.311826,3145,0.33000001311302185
1648885899.231167,3199,0.30000001192092896
1648885903.584922,3217,0.3100000023841858
1648885911.227936,3241,0.33000001311302185
1648885919.663972,3265,0.3199999928474426
1648885920.504976,3268,0.3199999928474426
1648885946.450002,3356,0.38999998569488525
1648885960.749544,3404,0.38999998569488525
1648885991.641968,3483,0.5299999713897705
1648885998.211433,3500,0.5600000023841858
1648886006.130119,3526,0.44999998807907104
1648886016.938415,3566,0.36000001430511475
1648886027.065464,3600,0.3100000023841858
1648886033.286015,3616,0.33000001311302185
1648886044.008722,3654,0.3700000047683716
1648886047.36142,3668,0.3400000035762787
1648886047.961324,3671,0.3400000035762787
1648886063.19668,3712,0.3799999952316284
1648886085.039967,3782,0.44999998807907104
1648886108.319942,3848,0.5199999809265137
1648886130.612783,3915,0.4099999964237213
1648886139.20159,3933,0.5099999904632568
1648886174.148969,4012,0.5600000023841858
1648886176.180247,4023,0.5199999809265137
1648886203.157996,4109,0.3499999940395355
1648886206.428924,4121,0.3799999952316284
1648886227.671457,4181,0.5
1648886232.70113,4192,0.550000011920929
1648886244.797288,4227,0.5199999809265137
1648886276.72689,4318,0.46000000834465027
1648886279.463636,4328,0.4300000071525574
1648886351.91766,4539,0.44999998807907104
1648886362.005997,4564,0.4000000059604645
1648886386.832806,4649,0.36000001430511475
1648886400.42282,4690,0.3199999928474426
1648886446.84112,4832,0.4399999976158142
1648886447.80311,4836,0.4000000059604645
1648886463.287875,4882,0.38999998569488525
1648886475.308913,4910,0.4699999988079071
1648886545.413287,5079,0.47999998927116394
1648886549.379197,5088,0.44999998807907104
1648886550.0486,5090,0.4399999976158142
1648886564.559715,5132,0.4399999976158142
1648886565.312357,5136,0.4300000071525574
1648886572.188041,5155,0.4300000071525574
1648886582.273939,5187,0.41999998688697815
1648886585.653364,5200,0.3799999952316284
1648886597.660592,5225,0.4699999988079071
1648886613.241905,5262,0.6200000047683716
1648886626.417284,5295,0.7099999785423279
1648886651.155661,5362,0.5600000023841858
1648886665.596614,5403,0.550000011920929
1648886680.045797,5454,0.4300000071525574
1648886762.535771,5667,0.7099999785423279
1648886791.382115,5758,0.4000000059604645
1648886818.592925,5832,0.46000000834465027
1648886831.143424,5866,0.5099999904632568
1648886836.926191,5879,0.49000000953674316
1648886863.54278,5956,0.46000000834465027
1648886872.231639,5981,0.4099999964237213
1648886877.699757,5997,0.4000000059604645
1648886905.433761,6053,0.3100000023841858
1648886928.269775,6111,0.44999998807907104
1648886940.228269,6138,0.5600000023841858
1648886941.885514,6142,0.5899999737739563
1648886968.859343,6225,0.4399999976158142
1648886976.011916,6243,0.4399999976158142
1648886990.27729,6279,0.5600000023841858
1648887007.756858,6332,0.5400000214576721
1648887009.348109,6334,0.5699999928474426
1648887017.359857,6358,0.49000000953674316
1648887017.5767,6359,0.49000000953674316
1648887018.605444,6364,0.46000000834465027
1648887020.493607,6369,0.4399999976158142
1648887099.193075,6551,0.6700000166893005
1648887103.176046,6564,0.6499999761581421
1648887104.717774,6569,0.5600000023841858
1648887113.688074,6585,0.5899999737739563
1648887116.087736,6590,0.5899999737739563
1648887119.920579,6599,0.5799999833106995
1648887126.861198,6615,0.6100000143051147
1648887170.149359,6730,0.46000000834465027
1648887176.657919,6750,0.47999998927116394
1648887193.703805,6802,0.3799999952316284
1648887213.561787,6842,0.550000011920929
1648887216.491378,6850,0.5600000023841858
1648887242.856189,6919,0.6200000047683716
1648887264.735304,6991,0.46000000834465027
1648887266.189398,6996,0.4300000071525574
1648887266.527311,6998,0.4000000059604645
1648887299.894439,7054,0.5
1648887352.20854,7164,0.75
1648887375.100315,7207,0.7900000214576721
1648887390.621902,7253,0.6000000238418579
1648887416.53708,7308,0.5699999928474426
1648887439.572409,7353,0.8299999833106995
1648887471.380142,7436,0.5299999713897705
1648887482.515856,7464,0.5
1648887484.978388,7468,0.5400000214576721
1648887485.374012,7470,0.5299999713897705
1648887499.893332,7506,0.5199999809265137
1648887517.300468,7543,0.6200000047683716
1648887542.331776,7593,0.800000011920929
1648887547.991252,7604,0.8299999833106995
1648887564.6083,7644,0.800000011920929
1648887595.696401,7727,0.5699999928474426
1648887596.982679,7730,0.550000011920929
1648887608.112595,7756,0.5799999833106995
1648887625.927039,7794,0.699999988079071
1648887642.114572,7821,0.8899999856948853
1648887659.6715,7855,0.9700000286102295
1648887679.650942,7895,0.949999988079071
1648887721.160715,7986,0.75
1648887804.858795,8122,0.9300000071525574
1648887874.908391,8291,0.7200000286102295
1648887877.260221,8296,0.7599999904632568
1648887916.79548,8397,0.5600000023841858
1648887983.281408,8548,0.699999988079071
1648887985.675388,8554,0.7099999785423279
1648888014.390353,8618,0.7099999785423279
1648888034.883731,8659,0.75
1648888053.576996,8694,0.8799999952316284
1648888067.933651,8724,0.949999988079071
1648888078.685966,8752,0.8399999737739563
1648888092.307288,8776,0.8199999928474426
1648888093.375366,8778,0.8399999737739563
1648888109.156757,8823,0.6200000047683716
1648888114.561236,8833,0.6600000262260437
1648888131.268621,8870,0.6299999952316284
1648888136.369189,8877,0.6399999856948853
1648888228.253415,9058,0.7200000286102295
1648888254.230239,9121,0.699999988079071
1648888268.915474,9152,0.6299999952316284
1648888295.406759,9212,0.6200000047683716
1648888320.803366,9252,0.8999999761581421
1648888336.053954,9291,0.8799999952316284
1648888342.575529,9303,0.8999999761581421
1648888357.057405,9327,0.9599999785423279
1648888372.48416,9359,0.8399999737739563
1648888460.693967,9538,0.7799999713897705
1648888465.95047,9547,0.8199999928474426
1648888528.382628,9671,0.8600000143051147
1648888548.91267,9712,0.9399999976158142
1648888571.884908,9753,0.8799999952316284
1648888572.087428,9754,0.8799999952316284
1648888583.564566,9772,0.9200000166893005
1648888620.532102,9837,0.9800000190734863
1648888634.367906,9867,0.8999999761581421
1648888650.292209,9894,0.8799999952316284
1648888661.940758,9917,0.8899999856948853
1648888682.068602,9948,1.0499999523162842
1648888682.521731,9949,1.059999942779541
1648888690.152091,9960,1.100000023841858
1648888697.666284,9973,1.1699999570846558
1648888701.506983,9979,1.190000057220459
1648888708.107645,9993,1.0800000429153442
1648888757.299347,10063,0.8600000143051147
1648888768.520913,10090,0.7699999809265137
1648888786.871373,10121,0.8199999928474426
1648888793.986947,10138,0.7599999904632568
1648888820.75072,10191,0.8999999761581421
1648888829.742663,10208,0.8700000047683716
1648888831.399613,10215,0.8399999737739563
1648888896.247774,10342,0.9700000286102295
1648888898.361476,10345,0.9700000286102295
1648888898.580303,10346,0.9300000071525574
1648888919.609291,10395,0.7699999809265137
1648888942.480521,10445,0.7300000190734863
1648888948.59925,10458,0.7400000095367432
1648888971.607899,10501,0.8899999856948853
1648888981.045068,10518,0.9900000095367432
1648889002.209259,10561,0.949999988079071
1648889049.659066,10643,1.0199999809265137
1648889051.186369,10645,1.0
1648889087.233966,10707,1.0299999713897705
1648889094.194793,10717,1.0099999904632568
1648889098.411663,10724,1.0800000429153442
1648889282.309484,11023,1.0199999809265137
1648889285.345641,11028,1.0299999713897705
1648889290.529455,11036,1.059999942779541
1648889298.280536,11054,0.9599999785423279
1648889316.960741,11094,0.8600000143051147
1648889329.163749,11118,0.8600000143051147
1648889332.588072,11124,0.8299999833106995
1648889385.100071,11212,0.9900000095367432
1648889389.479735,11218,1.0499999523162842
1648889456.114161,11331,1.149999976158142
1648889494.037017,11394,1.059999942779541
1648889503.689183,11409,1.059999942779541
1648889525.958528,11443,1.0399999618530273
1648889710.732877,11736,1.1799999475479126
1648889741.237905,11786,1.0800000429153442
1648889761.2086,11819,1.0499999523162842
1648889780.990731,11847,1.1299999952316284
1648889791.719699,11867,0.9800000190734863
1648889864.416219,11972,1.149999976158142
1648889911.329902,12027,1.1799999475479126
1648889940.689454,12076,1.090000033378601
1648890011.236962,12175,1.3700000047683716
1648890017.178767,12179,1.4700000286102295
1648890057.46843,12235,1.4700000286102295
1648890104.906021,12302,1.3700000047683716
1648890116.058502,12316,1.4199999570846558
1648890139.597069,12354,1.350000023841858
1648890167.66013,12398,1.1399999856948853
1648890169.039396,12400,1.159999966621399
1648890196.96251,12437,1.1299999952316284
1648890222.601465,12476,1.2100000381469727
1648890226.264184,12480,1.25
1648890282.770797,12554,1.350000023841858
1648890313.774375,12601,1.2200000286102295
1648890398.596202,12708,1.6699999570846558
1648890541.085568,12901,1.2799999713897705
1648890544.245363,12905,1.2799999713897705
1648890574.167989,12944,1.340000033378601
1648890594.357197,12972,1.3200000524520874
1648890596.129865,12976,1.309999942779541
1648890775.528068,13188,1.7599999904632568
1648890870.753977,13304,1.7899999618530273
1648890908.811788,13349,1.7699999809265137
1648890934.496966,13388,1.4700000286102295
1648890957.376073,13418,1.340000033378601
1648890987.533231,13455,1.4600000381469727
1648891047.874405,13522,1.8600000143051147
1648891071.170073,13550,1.8799999952316284
1648891078.479774,13558,1.8899999856948853
1648891124.78298,13623,1.5
1648891143.097867,13642,1.5700000524520874
1648891146.483722,13647,1.5299999713897705
1648891280.310965,13802,1.7699999809265137
1648891323.527129,13849,1.8600000143051147
1648891437.898617,13971,2.119999885559082
1648891449.085044,13980,2.180000066757202
1648891485.283252,14006,2.0
1648891521.25261,14046,1.899999976158142
1648891637.265481,14177,1.850000023841858
1648891645.979605,14188,1.8700000047683716
1648891659.007418,14206,1.9600000381469727
1648891706.001222,14258,1.7599999904632568
1648891711.878665,14265,1.649999976158142
1648891791.040712,14354,1.7799999713897705
1648891798.655716,14361,1.8200000524520874
1648891841.447654,14405,1.8899999856948853
1648891853.866778,14419,1.909999966621399
1648891972.290397,14535,2.25
1648892022.027195,14577,2.3499999046325684
1648892072.529368,14623,2.3299999237060547
1648892096.865253,14645,2.380000114440918
1648892193.817911,14745,2.069999933242798
1648892277.717111,14819,2.5199999809265137
1648892315.312692,14851,2.490000009536743
1648892325.391669,14864,2.4800000190734863
1648892330.632869,14868,2.430000066757202
1648892389.808205,14925,2.25
1648892406.091568,14940,2.2699999809265137
1648892502.309311,15019,2.2300000190734863
1648892555.734895,15065,2.390000104904175
1648892555.982723,15066,2.3499999046325684
1648892561.770585,15070,2.4200000762939453
1648892608.892947,15110,2.619999885559082
1648892622.066329,15124,2.549999952316284
1648892641.760293,15138,2.6600000858306885
1648892662.670078,15153,2.7100000381469727
1648892698.185362,15185,2.6700000762939453
1648892716.425145,15199,2.880000114440918
1648892875.930844,15334,2.859999895095825
1648892905.25427,15362,2.7100000381469727
1648892918.51641,15371,2.859999895095825
1648892973.73899,15419,2.7899999618530273
1648893030.753438,15456,3.200000047683716
1648893072.231767,15490,3.1700000762939453
1648893248.686251,15610,3.559999942779541
1648893286.793534,15638,3.2300000190734863
1648893404.306384,15712,3.7699999809265137
1648893475.776826,15760,3.8499999046325684
1648893526.645777,15793,3.950000047683716
1648893565.884865,15820,3.819999933242798
1648893658.213482,15873,4.099999904632568
1648893745.069048,15922,4.329999923706055
1648893945.205104,16032,4.25
1648894034.234384,16076,4.820000171661377
1648894103.472482,16117,5.090000152587891
1648894216.388388,16185,4.269999980926514
1648894217.885195,16186,4.21999979019165
1648894328.17569,16241,4.78000020980835
1648894485.361479,16313,5.440000057220459
1648894564.697183,16346,5.730000019073486
1648894652.172734,16392,5.650000095367432
1648894690.462657,16411,5.429999828338623
1648894731.402309,16427,5.670000076293945
1648895326.854624,16731,5.239999771118164
1648895338.492922,16735,5.429999828338623
1648895547.145548,16834,5.619999885559082
1648895614.394629,16866,5.340000152587891
1648895636.322813,16880,5.190000057220459
1648895640.643747,16883,5.21999979019165
1648895687.116413,16907,5.199999809265137
1648895772.415666,16947,5.389999866485596
1648895902.636929,17002,5.300000190734863
1648896071.612132,17076,5.699999809265137
1648896167.237008,17120,6.25
1648896179.867877,17126,6.199999809265137
1648896181.926581,17127,6.159999847412109
1648896474.256247,17263,5.460000038146973
1648896501.555625,17273,5.789999961853027
1648896749.188643,17394,5.510000228881836
1648896834.019211,17431,5.639999866485596
1648897113.977643,17563,5.889999866485596
1648897272.081569,17632,6.179999828338623
1648897386.766322,17688,5.860000133514404
1648897404.375243,17697,5.760000228881836
1648897486.657604,17731,6.28000020980835
1648897567.847671,17768,6.139999866485596
1648897800.418472,17881,5.170000076293945
1648897809.098976,17885,5.239999771118164
1648897918.851017,17935,5.820000171661377
1648898125.323537,18005,6.599999904632568
1648898401.477224,18121,6.559999942779541
1648898415.472335,18129,6.320000171661377
1648898424.540623,18133,6.300000190734863
1648898434.793799,18137,6.130000114440918
1648898575.398266,18207,5.670000076293945
1648898729.849257,18276,5.639999866485596
1648898846.021543,18332,5.789999961853027
1648898998.135498,18405,5.630000114440918
1648899053.342092,18429,5.809999942779541
1648899155.98559,18468,6.369999885559082
1648899186.917246,18481,6.46999979019165
1648899201.131309,18490,6.429999828338623
1648899275.451646,18522,6.260000228881836
1648899486.545244,18616,5.840000152587891
1648899534.156538,18634,5.989999771118164
1648899825.793769,18759,6.760000228881836
1648899848.392346,18765,6.929999828338623
1648899851.601886,18768,6.840000152587891
1648899886.657594,18780,7.010000228881836
1648899920.541073,18795,7.059999942779541
1648900180.162454,18904,6.769999980926514
1648900375.348816,18991,6.400000095367432
1648900711.132952,19109,8.119999885559082
1648900722.002431,19113,8.149999618530273
1648900938.33459,19209,6.289999961853027
1648901109.307756,19278,7.570000171661377
1648901201.44024,19319,7.0
1648901361.442223,19377,7.71999979019165
1648901427.177518,19406,7.190000057220459
1648901440.9034,19420,6.940000057220459
1648901609.731136,19498,5.539999961853027
1648901616.909498,19501,5.550000190734863
1648901723.430061,19546,6.710000038146973
1648901895.989157,19617,6.71999979019165
1648901979.407426,19654,6.739999771118164
1648902433.675142,19841,7.139999866485596
1648902483.049632,19861,7.409999847412109
1648902557.217232,19895,7.119999885559082
1648902598.886833,19911,7.090000152587891
1648902624.492676,19922,7.119999885559082
1648902771.80598,19982,7.510000228881836
1648902790.702987,19986,7.900000095367432
1648902824.033702,19999,7.989999771118164
1648902893.668611,20014,8.15999984741211
1648903629.702514,20311,7.489999771118164
1648903760.579634,20362,7.210000038146973
1648903830.557968,20394,7.079999923706055
1648903858.531984,20403,7.579999923706055
1648903909.316313,20422,8.069999694824219
1648903955.588263,20440,7.619999885559082
1648904086.61038,20493,7.559999942779541
1648904270.806996,20578,6.429999828338623
1648904280.859051,20581,6.25
1648904371.870311,20618,6.5
1648904436.017224,20646,6.829999923706055
1648904474.028737,20664,6.920000076293945
1648904481.109984,20666,7.039999961853027
1648904721.618147,20760,7.980000019073486
1648904922.159318,20841,7.480000019073486
1648905210.829289,20947,8.489999771118164
1648905220.182508,20951,8.270000457763672
1648905260.763497,20968,8.239999771118164
1648905271.794172,20973,8.319999694824219
1648905291.607725,20979,8.550000190734863
1648905359.959195,21000,8.359999656677246
1648905453.226801,21036,7.869999885559082
1648905492.018126,21052,7.579999923706055
1648905703.657976,21129,8.319999694824219
1648905896.822928,21205,8.109999656677246
1648905900.683011,21209,7.840000152587891
1648905962.795782,21233,7.630000114440918
1648906038.073183,21267,7.329999923706055
1648906149.095422,21311,6.980000019073486
1648906347.754876,21390,8.289999961853027
1648906419.629367,21419,9.0
1648906854.040176,21582,8.680000305175781
1648906887.482638,21593,8.890000343322754
1648906895.782976,21598,8.670000076293945
1648906954.597212,21621,8.699999809265137
1648907110.171607,21676,8.930000305175781
1648907111.5367,21678,8.960000038146973
1648907235.232449,21734,8.220000267028809
1648907442.026475,21812,8.319999694824219
1648907528.976442,21845,8.460000038146973
1648908188.468646,22063,8.079999923706055
1648908244.666302,22087,7.869999885559082
1648908408.056385,22146,8.4399995803833
1648908458.255371,22162,8.550000190734863
1648908642.175369,22229,8.279999732971191
1648908757.401357,22273,8.880000114440918
1648908778.662977,22285,8.710000038146973
1648908848.216445,22307,8.760000228881836
1648909048.368885,22378,8.319999694824219
1648909050.960204,22380,8.25
1648909156.691869,22417,8.390000343322754
1648909931.466931,22702,8.779999732971191
1648910068.36867,22756,8.390000343322754
1648910123.356544,22781,8.109999656677246
1648910513.848543,22921,8.3100004196167
1648910925.438027,23058,8.59000015258789
1648910966.060101,23071,8.850000381469727
1648911033.087288,23094,8.989999771118164
1648911072.963808,23106,8.890000343322754
1648911624.514496,23298,10.279999732971191
1648911717.508121,23330,10.479999542236328
1648911948.607345,23406,9.210000038146973
1648911950.83948,23407,9.149999618530273
1648912194.384989,23500,8.1899995803833
1648912449.498689,23589,9.069999694824219
1648912450.678367,23591,8.869999885559082
1648912586.734397,23645,8.100000381469727
1648912597.340412,23648,8.329999923706055
1648913797.659075,24070,9.079999923706055
1648914648.469841,24378,9.34000015258789
1648914814.421644,24435,9.569999694824219
1648914920.454988,24469,9.760000228881836
1648914933.916597,24473,9.6899995803833
1648914988.199821,24492,9.9399995803833
1648915292.557086,24606,8.539999961853027
1648915564.269478,24704,9.84000015258789
1648915608.36703,24718,10.050000190734863
1648915719.579657,24758,9.260000228881836
1648915912.030924,24828,9.529999732971191
1648915952.488889,24843,9.420000076293945
1648916048.076328,24875,9.640000343322754
1648916074.125527,24882,9.84000015258789
1648916227.888749,24938,9.949999809265137
1648916297.624924,24958,10.010000228881836
1648916307.523842,24960,10.319999694824219
1648916381.275424,24991,9.430000305175781
1648916565.099401,25053,8.699999809265137
1648916717.634608,25112,8.800000190734863
1648916930.499418,25187,9.329999923706055
1648917092.329852,25249,8.699999809265137
1648917521.32736,25398,10.649999618530273
1648917641.392885,25444,9.75
1648917705.424241,25467,8.989999771118164
1648918119.457755,25612,10.720000267028809
1648918235.023406,25649,10.329999923706055
1648918395.723895,25703,9.970000267028809
1648918422.978734,25713,9.970000267028809
1648918426.729125,25715,9.899999618530273
1648918535.608477,25757,9.479999542236328
1648918709.657366,25814,10.020000457763672
1648918756.342141,25829,10.529999732971191
1648918979.292455,25907,10.460000038146973
1648919003.625898,25917,9.869999885559082
1648919036.217437,25929,9.949999809265137
1648919525.049875,26097,10.3100004196167
1648919554.219915,26106,10.609999656677246
1648919582.552386,26114,11.329999923706055
1648919605.05432,26122,11.6899995803833
1648919698.616908,26153,11.170000076293945
1648920009.337054,26263,9.550000190734863
1648920092.638928,26290,10.520000457763672
1648920126.338291,26303,9.649999618530273
1648920128.549009,26305,9.600000381469727
1648920354.204399,26377,10.40999984741211
1648920465.194732,26421,9.819999694824219
1648920837.122011,26550,10.630000114440918
1648920926.61752,26587,10.40999984741211
1648920943.277622,26592,10.380000114440918
1648921106.089654,26646,10.3100004196167
1648921250.937882,26693,11.170000076293945
1648921394.605792,26753,9.880000114440918
1648921563.625791,26815,9.829999923706055
1648921566.522442,26816,9.869999885559082
1648921840.918571,26914,10.960000038146973
1648921996.62013,26970,11.119999885559082
1648922158.092164,27014,10.720000267028809
1648922201.82834,27029,10.529999732971191
1648922288.948768,27059,10.539999961853027
1648922408.064839,27104,10.510000228881836
1648922465.59548,27123,9.8100004196167
1648922512.93348,27140,9.520000457763672
1648923017.48169,27308,11.520000457763672
1648923174.227256,27367,10.34000015258789
1648923377.836946,27442,10.800000190734863
1648923382.809005,27445,10.739999771118164
1648923407.34445,27454,10.539999961853027
1648923602.306428,27521,9.640000343322754
1648923644.13434,27537,9.329999923706055
1648923900.813218,27626,10.510000228881836
1648923967.004276,27651,10.210000038146973
1648924371.104723,27792,10.34000015258789
1648924469.024491,27825,10.550000190734863
1648924484.342213,27833,10.1899995803833
1648924656.984715,27894,9.890000343322754
1648924968.296454,28006,10.59000015258789
1648925083.889096,28045,10.600000381469727
1648925258.700646,28102,10.65999984741211
1648925549.462725,28203,10.430000305175781
1648925589.173521,28222,9.710000038146973
1648925964.327423,28363,10.039999961853027
1648926219.434977,28452,9.789999961853027
1648926252.229335,28460,10.510000228881836
1648926422.836687,28515,11.350000381469727
1648926641.93254,28585,11.529999732971191
1648926734.618898,28615,11.199999809265137
1648926766.199567,28628,10.789999961853027
1648927232.207258,28792,9.989999771118164
1648927234.477686,28794,9.670000076293945
1648927396.673908,28854,9.420000076293945
1648927484.588129,28882,9.449999809265137
1648927750.084522,28972,10.880000114440918
1648927753.62619,28974,10.720000267028809
1648927785.025216,28984,10.609999656677246
1648928205.933461,29119,11.770000457763672
1648928223.961326,29126,11.579999923706055
1648928605.189276,29259,9.960000038146973
1648928744.395384,29310,9.989999771118164
1648928877.418431,29353,11.180000305175781
1648929026.60742,29404,11.029999732971191
1648929110.98472,29431,10.100000381469727
1648929285.730625,29490,9.8100004196167
1648929503.865532,29565,9.84000015258789
1648929652.59451,29620,9.220000267028809
1648929698.810607,29636,9.050000190734863
1648929788.908741,29671,8.869999885559082
1648929799.345704,29677,8.569999694824219
1648930101.001281,29784,9.920000076293945
1648930128.735853,29791,10.239999771118164
1648930173.529741,29808,10.020000457763672
1648930232.569577,29831,10.079999923706055
1648930281.297209,29848,10.289999961853027
1648930360.887952,29874,10.699999809265137
1648930629.21556,29963,10.930000305175781
1648930657.537811,29974,10.399999618530273
1648930734.541231,29999,10.489999771118164
1648931050.809522,30055,10.0600004196167
1648931088.635222,30067,10.1899995803833
1648931117.079102,30080,10.09000015258789
1648931456.39754,30200,9.649999618530273
1648931583.748444,30243,10.079999923706055
1648931614.599303,30254,10.380000114440918
1648931618.577694,30256,10.029999732971191
1648931625.175878,30260,9.880000114440918
1648931736.681407,30300,9.729999542236328
1648931819.780971,30333,9.6899995803833
1648931853.40196,30349,9.15999984741211
1648932651.871308,30614,10.0600004196167
1648932897.690707,30690,11.25
1648932934.911512,30703,11.239999771118164
1648933085.527386,30751,10.989999771118164
1648933509.144899,30892,10.739999771118164
1648933590.872389,30919,10.130000114440918
1648933683.243162,30944,11.020000457763672
1648933702.348829,30953,10.75
1648933717.061792,30959,11.0600004196167
1648933742.141723,30967,11.399999618530273
1648934014.272656,31006,11.680000305175781
1648934332.437488,31118,10.729999542236328
1648934581.974913,31211,9.050000190734863
1648934665.887731,31244,8.800000190734863
1648934880.356206,31314,11.1899995803833
1648935063.412755,31376,10.970000267028809
1648935163.925353,31410,10.380000114440918
1648935324.949407,31469,9.579999923706055
1648935722.289325,31607,10.890000343322754
1648935779.508249,31629,10.470000267028809
1648935856.462601,31660,9.890000343322754
1648935978.185211,31696,11.050000190734863
1648935985.498633,31700,11.130000114440918
1648936012.95744,31708,11.130000114440918
1648936198.727509,31771,11.329999923706055
1648936205.451409,31774,10.9399995803833
1648936514.381619,31879,11.239999771118164
1648936575.830785,31902,10.8100004196167
1648936621.411288,31918,9.75
1648936674.564773,31932,10.539999961853027
1648936737.755056,31953,10.9399995803833
1648936802.56607,31976,10.1899995803833
1648936860.47641,31994,11.119999885559082
1648936950.593608,32014,11.100000381469727
1648937426.713101,32173,9.729999542236328
1648937523.169657,32208,9.869999885559082
1648937647.057186,32254,10.329999923706055
1648938382.537977,32507,11.279999732971191
1648938416.211874,32521,11.0600004196167
1648938557.839661,32569,9.979999542236328
1648938679.955839,32616,9.680000305175781
1648939065.424714,32746,10.619999885559082
1648939254.098973,32811,10.75
1648939257.98637,32812,10.720000267028809
1648939297.992775,32824,10.899999618530273
1648939299.474704,32825,10.899999618530273
1648939517.10466,32902,9.960000038146973
1648939716.452551,32966,10.010000228881836
1648939775.087856,32986,10.420000076293945
1648939876.772479,33012,10.399999618530273
1648939990.702132,33047,10.880000114440918
1648940352.2847,33185,9.0600004196167
1648940465.55745,33225,9.170000076293945
1648940624.323953,33279,10.170000076293945
1648940969.84655,33393,12.0600004196167
1648941014.711538,33408,11.199999809265137
1648941023.32865,33413,11.0
1648941049.741992,33426,9.90999984741211
1648941080.171382,33441,9.010000228881836
1648941846.067329,33701,9.220000267028809
1648941865.830645,33709,9.380000114440918
1648941990.921962,33750,10.199999809265137
1648942168.576449,33803,11.5600004196167
1648942238.482257,33830,11.399999618530273
1648942331.164738,33859,11.020000457763672
1648942343.759191,33864,10.930000305175781
1648942351.587024,33866,11.020000457763672
1648942404.8017,33886,10.529999732971191
1648942944.54723,34021,10.600000381469727
1648943122.621759,34089,9.130000114440918
1648943177.712394,34107,9.130000114440918
1648943422.777541,34197,11.029999732971191
1648943633.204228,34276,9.34000015258789
1648943650.983721,34281,9.329999923706055
1648943909.574967,34364,10.920000076293945
1648944229.897119,34464,11.899999618530273
1648944256.256608,34475,11.59000015258789
1648944299.857672,34499,9.930000305175781
1648944667.965075,34623,10.960000038146973
1648944798.414749,34668,10.390000343322754
1648944995.322876,34741,10.350000381469727
1648945195.00924,34811,10.619999885559082
1648945383.480424,34877,10.210000038146973
1648945462.2109,34909,10.399999618530273
1648945529.603329,34931,10.899999618530273
1648945549.413283,34938,10.729999542236328
1648945577.485283,34947,10.970000267028809
1648945582.196309,34949,10.9399995803833
1648945584.518467,34951,10.829999923706055
1648945645.901309,34967,10.960000038146973
1648945820.288423,35020,10.699999809265137
1648945905.946103,35046,10.9399995803833
1648946004.570345,35075,11.0600004196167
1648946103.649304,35114,10.930000305175781
1648946177.353681,35140,10.8100004196167
1648946267.326586,35173,9.270000457763672
1648946398.346445,35217,10.15999984741211
1648946882.071232,35377,11.25
1648947076.379811,35442,11.899999618530273
1648947148.827039,35464,12.15999984741211
1648947185.728675,35477,12.449999809265137
1648947312.99459,35526,10.59000015258789
1648947376.310223,35551,9.970000267028809
1648947465.709676,35579,9.729999542236328
1648947497.072898,35588,10.079999923706055
1648947648.741751,35635,12.029999732971191
1648947812.863223,35704,11.100000381469727
1648947998.351862,35764,10.350000381469727
1648948219.169109,35849,9.9399995803833
1648948288.936908,35874,9.59000015258789
1648948414.544606,35913,10.510000228881836
1648948490.595964,35948,9.770000457763672
1648948674.415363,36000,9.539999961853027
1648948695.601059,36008,9.699999809265137
1648949076.515687,36142,10.25
1648949217.142818,36186,11.319999694824219
1648949425.434799,36262,10.899999618530273
1648949455.013504,36271,10.229999542236328
1648950131.559237,36501,10.039999961853027
1648950215.359443,36528,10.630000114440918
1648950407.354915,36596,10.130000114440918
1648950440.702029,36612,10.010000228881836
1648950498.916201,36631,9.449999809265137
1648950651.343214,36686,9.15999984741211
1648950673.325753,36694,9.3100004196167
1648950764.837641,36730,9.630000114440918
1648951165.182876,36864,11.09000015258789
1648951224.19406,36886,10.899999618530273
1648951228.247787,36888,10.770000457763672
1648951237.400103,36891,10.390000343322754
1648951268.013743,36903,9.75
1648951308.770987,36917,10.270000457763672
1648951358.549704,36937,9.9399995803833
1648951377.070408,36942,9.529999732971191
1648951393.446178,36945,10.020000457763672
1648951538.920527,36996,10.300000190734863
1648951789.116539,37065,11.40999984741211
1648951832.204543,37079,11.329999923706055
1648951925.997312,37116,9.279999732971191
1648952106.66708,37172,9.949999809265137
1648952136.848732,37182,10.079999923706055
1648952201.073168,37204,11.25
1648952701.783652,37367,12.199999809265137
1648953111.076251,37498,11.329999923706055
1648953182.511885,37525,10.739999771118164
1648953193.653028,37527,11.119999885559082
1648953325.193643,37574,9.829999923706055
1648953443.943069,37611,10.710000038146973
1648953565.295955,37647,10.770000457763672
1648953649.24182,37674,11.680000305175781
1648953892.235727,37749,11.680000305175781
1648954051.523485,37803,10.770000457763672
1648954064.169864,37808,11.09000015258789
1648954433.69674,37937,10.539999961853027
1648954560.821564,37981,10.949999809265137
1648955201.573351,38176,10.680000305175781
1648955811.420362,38386,9.399999618530273
1648955812.22869,38387,9.319999694824219
1648955856.761804,38401,9.739999771118164
1648955873.436508,38408,9.9399995803833
1648956115.382556,38487,11.510000228881836
1648956200.878016,38518,11.039999961853027
1648956358.051564,38563,11.65999984741211
1648957048.14626,38805,11.039999961853027
1648957160.071189,38839,11.59000015258789
1648957278.356436,38880,11.789999961853027
1648957334.527065,38898,11.40999984741211
1648957365.903959,38909,11.279999732971191
1648957814.184247,39025,11.520000457763672
1648957865.62689,39045,11.979999542236328
1648957983.471334,39080,11.109999656677246
1648958345.461631,39204,10.699999809265137
1648958443.620223,39237,10.9399995803833
1648958447.028791,39238,11.029999732971191
1648958907.142104,39399,9.520000457763672
1648959069.676288,39451,11.430000305175781
1648959151.748012,39477,11.449999809265137
1648959384.091357,39551,12.010000228881836
1648959502.799248,39588,11.930000305175781
1648959546.319618,39601,11.890000343322754
1648959864.199518,39695,13.0600004196167
1648959908.576591,39712,12.390000343322754
1648959933.738935,39722,11.430000305175781
1648959950.810757,39725,11.670000076293945
1648960216.404111,39811,11.420000076293945
1648960511.928603,39907,12.069999694824219
1648960642.285071,39949,10.829999923706055
1648960788.019328,39995,12.399999618530273
1648960875.661194,40003,11.710000038146973
1648960973.495649,40030,12.449999809265137
1648961033.528567,40050,12.359999656677246
1648961208.794512,40110,11.199999809265137
1648961397.151652,40174,10.510000228881836
1648961398.676061,40175,10.4399995803833
1648961457.508358,40194,10.8100004196167
1648961584.645866,40235,10.880000114440918
1648961587.590981,40236,10.760000228881836
1648961618.276579,40249,10.609999656677246
1648961722.674948,40285,10.920000076293945
1648961859.085665,40326,11.369999885559082
1648961876.397275,40332,11.199999809265137
1648962004.258585,40368,13.199999809265137
1648962152.759463,40416,12.65999984741211
1648962477.651733,40522,11.100000381469727
1648962533.957602,40540,11.09000015258789
1648962670.777225,40593,10.90999984741211
1648962750.170739,40617,10.449999809265137
1648963299.197033,40793,11.699999809265137
1648963330.770923,40801,12.390000343322754
1648963479.2708,40849,11.569999694824219
1648963584.254409,40883,12.369999885559082
1648963692.112737,40921,11.579999923706055
1648963765.023397,40942,11.850000381469727
1648964010.839348,41013,11.619999885559082
1648964108.585699,41043,10.630000114440918
1648964179.400304,41070,11.289999961853027
1648964195.654703,41073,11.550000190734863
1648964200.479048,41077,11.170000076293945
1648964375.236251,41132,11.880000114440918
1648964378.142949,41133,11.609999656677246
1648964475.965914,41162,12.109999656677246
1648964787.806854,41263,11.15999984741211
1648964879.742491,41291,12.149999618530273
1648965017.130756,41342,10.529999732971191
1648965103.342602,41374,9.770000457763672
1648965417.320223,41473,12.029999732971191
1648965557.570822,41524,10.720000267028809
1648965580.777853,41530,10.899999618530273
1648965605.598757,41536,11.15999984741211
1648965616.722858,41541,11.15999984741211
1648965696.424396,41566,10.90999984741211
1648965722.638859,41573,10.699999809265137
1648965772.50375,41588,11.460000038146973
1648965775.781752,41590,11.489999771118164
1648965837.245191,41610,11.380000114440918
1648965973.425453,41654,10.779999732971191
1648966016.325088,41668,10.8100004196167
1648966327.858974,41772,10.670000076293945
1648966768.649917,41912,11.949999809265137
1648966867.943446,41945,11.470000267028809
1648966912.667543,41960,11.569999694824219
1648966945.71177,41968,12.119999885559082
1648967221.999399,42012,11.020000457763672
1648967352.463304,42051,12.40999984741211
1648967358.837874,42052,12.760000228881836
1648967470.718399,42090,13.829999923706055
1648967546.539394,42118,12.9399995803833
1648967577.849509,42128,12.760000228881836
1648967583.593928,42131,12.6899995803833
1648968272.739447,42365,10.640000343322754
1648968280.739663,42368,10.699999809265137
1648968471.351451,42430,12.100000381469727
1648968570.149221,42461,12.050000190734863
1648968768.14205,42535,10.239999771118164
1648969241.137131,42699,11.6899995803833
1648969299.277094,42721,11.3100004196167
1648969440.708901,42768,10.989999771118164
1648969665.682779,42846,11.010000228881836
1648969692.144052,42855,11.010000228881836
1648969724.039858,42862,11.579999923706055
1648969744.704352,42869,11.6899995803833
1648969803.039153,42887,12.279999732971191
1648969842.428511,42900,12.800000190734863
1648970012.613695,42951,13.720000267028809
1648970081.003988,42973,13.020000457763672
1648970582.651908,43138,11.729999542236328
1648970727.359686,43186,11.859999656677246
1648970744.239768,43193,11.65999984741211
1648970869.090025,43231,12.039999961853027
1648970873.333462,43234,11.930000305175781
1648971084.781455,43296,12.449999809265137
1648971363.590861,43376,12.520000457763672
1648971710.574083,43492,11.609999656677246
1648971752.824477,43504,12.15999984741211
1648971902.059525,43554,12.720000267028809
1648972031.107088,43590,13.100000381469727
1648972085.204335,43611,11.949999809265137
1648972294.328184,43675,12.399999618530273
1648972546.848159,43759,10.5
1648972604.686739,43777,10.4399995803833
1648972970.976875,43880,14.59000015258789
1648973094.008902,43912,14.720000267028809
1648973880.194988,44150,10.25
1648973973.064733,44180,10.9399995803833
1648974232.817118,44255,11.949999809265137
1648974239.576832,44258,12.0600004196167
1648974314.610611,44283,11.739999771118164
1648974522.129227,44349,12.119999885559082
1648974568.234804,44363,12.109999656677246
1648974726.333187,44413,13.460000038146973
1648974796.255797,44437,12.920000076293945
1648974871.95759,44463,12.020000457763672
1648974894.309155,44472,11.470000267028809
1648974927.730287,44481,12.399999618530273
1648974938.377611,44484,12.569999694824219
1648975071.022726,44522,11.979999542236328
1648975370.819985,44624,11.40999984741211
1648975483.883,44663,11.720000267028809
1648975635.047671,44711,11.880000114440918
1648975672.193286,44724,12.15999984741211
1648975697.361233,44730,12.470000267028809
1648975699.330168,44731,12.4399995803833
1648975749.265159,44753,11.569999694824219
1648975781.981268,44761,11.569999694824219
1648975950.055563,44815,11.369999885559082
1648976383.281787,44950,11.510000228881836
1648976471.741764,44976,11.899999618530273
1648976611.691228,45014,13.020000457763672
1648976707.26586,45045,12.880000114440918
1648976757.821313,45065,12.930000305175781
1648976845.173781,45090,12.75
1648977032.421466,45144,13.9399995803833
1648977218.932613,45201,12.220000267028809
1648977347.770401,45247,11.739999771118164
1648977776.608488,45385,12.649999618530273
1648977919.739469,45427,12.949999809265137
1648978217.753087,45530,11.350000381469727
1648978332.235091,45571,11.100000381469727
1648978376.8499,45582,12.449999809265137
1648978428.948803,45602,11.59000015258789
1648978435.558209,45606,11.640000343322754
1648978472.232507,45618,10.779999732971191
1648978675.20145,45683,11.1899995803833
1648978918.257518,45757,13.0600004196167
1648979048.09974,45803,12.279999732971191
1648979608.090561,45963,12.789999961853027
1648979646.619368,45975,12.460000038146973
1648979763.07544,46001,11.979999542236328
1648980615.048799,46274,12.09000015258789
1648981171.342476,46441,12.640000343322754
1648981325.911962,46492,12.869999885559082
1648981354.775027,46504,12.210000038146973
1648981681.949166,46610,12.59000015258789
1648982021.862047,46722,12.289999961853027
1648982480.031397,46874,12.1899995803833
1648982527.756091,46890,12.25
1648982593.193851,46909,11.770000457763672
1648982596.487176,46910,11.829999923706055
1648983082.551102,47012,13.15999984741211
1648983100.183919,47017,13.0600004196167
1648983139.561248,47032,12.239999771118164
1648983154.105217,47035,12.359999656677246
1648983192.48896,47046,11.710000038146973
1648983239.154352,47063,11.489999771118164
1648983246.235141,47067,10.829999923706055
1648983291.474448,47083,11.029999732971191
1648983343.338387,47098,11.359999656677246
1648983394.090941,47112,11.979999542236328
1648983518.408621,47152,12.170000076293945
1648983544.67761,47159,12.829999923706055
1648983602.075189,47178,13.199999809265137
1648984014.265436,47296,12.210000038146973
1648984026.092059,47304,11.930000305175781
1648984040.45025,47306,12.109999656677246
1648984085.056187,47324,11.229999542236328
1648984175.649764,47348,12.0
1648984566.494328,47459,15.319999694824219
1648984819.743206,47546,11.119999885559082
1648985031.169272,47611,12.199999809265137
1648985074.910973,47625,12.949999809265137
1648985359.184909,47707,13.220000267028809
1648985566.063078,47777,12.390000343322754
1648985981.260096,47908,12.84000015258789
1648986081.245666,47945,10.970000267028809
1648986262.745974,47999,10.970000267028809
1648986673.076392,48121,10.40999984741211
1648986904.107709,48189,11.4399995803833
1648986924.737793,48198,11.399999618530273
1648986947.063416,48205,11.40999984741211
1648987078.881563,48247,12.449999809265137
1648987092.933191,48252,11.890000343322754
1648987405.058643,48348,12.260000228881836
1648987503.420687,48379,11.960000038146973
1648987535.27704,48385,11.720000267028809
1648987630.226446,48424,11.279999732971191
1648987897.68546,48510,11.699999809265137
1648988225.813115,48612,12.760000228881836
1648988281.128397,48635,12.170000076293945
1648988290.207139,48639,11.680000305175781
1648988379.732786,48667,11.720000267028809
1648988455.626114,48694,10.789999961853027
1648988460.673769,48696,10.15999984741211
1648988530.319664,48717,9.970000267028809
1648988575.233201,48732,10.670000076293945
